Full,"_r
deg","_RAJ2000
""h:m:s""","_DEJ2000
""d:m:s""",HIP,RAhms,DEdms,"Vmag
mag","RAICRS
deg","DEICRS
deg","Plx
mas","pmRA
mas/yr","pmDE
mas/yr","e_Plx
mas","B-V
mag",Notes,"_RA.icrs
deg","_DE.icrs
deg"
1,0.207367,03 47 29.0765218,24 06 18.493735,17702,03 47 29.06,24 06 18.9,2.85,56.87110065,24.10524193,8.87,19.35,-43.11,0.99,-0.086,,56.87115217,24.10513715
2,0.224477,03 47 29.4532516,24 17 18.037107,17704,03 47 29.44,24 17 18.4,6.83,56.87267431,24.28845287,9.05,17.84,-44.94,0.97,0.066,,56.87272188,24.28834364
3,0.240076,03 46 19.5738364,23 56 54.090089,17608,03 46 19.56,23 56 54.5,4.14,56.58150135,23.94846207,9.08,21.17,-42.67,1.04,-0.051,,56.58155765,23.94835836
4,0.264251,03 45 49.6066352,24 22 03.894643,17573,03 45 49.59,24 22 04.3,3.87,56.45663804,24.36785796,9.06,21.09,-45.03,1.03,-0.063,,56.45669431,24.36774851
5,0.351671,03 46 59.3972104,24 31 12.445499,17664,03 46 59.38,24 31 12.8,6.83,56.74743102,24.52023417,6.66,21.47,-45.43,0.99,0.021,,56.74748838,24.52012375
6,0.374467,03 46 02.9003493,24 31 40.432915,17588,03 46 02.89,24 31 40.8,6.43,56.51203181,24.5280059,9.21,19.83,-44.38,0.92,-0.02,,56.51208479,24.52789803
7,0.406202,03 44 52.5373190,24 06 48.021190,17499,03 44 52.52,24 06 48.4,3.72,56.21884811,24.1134484,8.8,21.55,-44.92,0.89,-0.105,,56.2189055,24.11333922
8,0.408742,03 47 20.9691327,23 48 12.049158,17692,03 47 20.96,23 48 12.4,6.99,56.83731884,23.80345386,8.35,19.78,-43.97,1,0.03,,56.83737139,23.80334699
9,0.411221,03 45 54.4763347,24 33 16.239708,17579,03 45 54.46,24 33 16.6,5.76,56.47693278,24.55462128,8.43,19.44,-45.36,0.89,-0.036,,56.47698473,24.55451103
10,0.431821,03 44 48.2154117,24 17 22.092632,17489,03 44 48.20,24 17 22.5,5.45,56.20084227,24.28957712,9.75,20.73,-44,1.05,-0.034,,56.20089755,24.28947018
11,0.434892,03 45 12.4945035,24 28 02.199381,17531,03 45 12.48,24 28 02.6,4.3,56.30200876,24.46737879,8.75,19.35,-41.63,1.08,-0.11,,56.30206043,24.46727761
12,0.457559,03 48 30.0952032,24 20 43.885500,17791,03 48 30.08,24 20 44.3,6.96,57.12534946,24.34562875,6.9,17.7,-43.2,0.99,0.128,,57.12539668,24.34552375
13,0.475252,03 47 17.1425004,23 43 36.304313,17684,03 47 17.16,23 43 36.5,6.98,56.82151746,23.72681291,16.1,-34.04,-25.39,1.09,0.542,,56.82142708,23.7267512
14,0.583907,03 49 11.2160430,24 08 12.163365,17851,03 49 11.20,24 08 12.6,5.05,57.29668368,24.13682565,8.42,18.71,-46.74,0.86,-0.082,,57.29673351,24.13671205
15,0.590323,03 49 09.7425571,24 03 12.295707,17847,03 49 09.73,24 03 12.7,3.62,57.29054669,24.05352412,8.57,17.77,-44.7,1.03,-0.07,,57.29059399,24.05341547
16,0.618396,03 48 56.9410623,23 51 25.686810,17832,03 48 56.91,23 51 26.2,6.47,57.23712973,23.85727243,13.44,46.92,-56.45,0.97,0.377,,57.23725443,23.85713523
17,0.654194,03 49 21.7497722,24 22 51.441050,17862,03 49 21.74,24 22 51.8,6.62,57.34057511,24.38106408,8.02,18.34,-44.53,0.91,-0.027,,57.34062405,24.38095585
18,0.741169,03 45 09.7390509,24 50 21.336032,17527,03 45 09.73,24 50 21.7,5.66,56.29052841,24.83937337,8.87,19.03,-46.64,0.89,-0.064,,56.29057938,24.83926001
19,0.829517,03 49 58.0550834,23 50 55.304141,17923,03 49 58.04,50 55.7,6.73,57.49184638,23.84880339,6.3,18.74,-44.35,1.46,0.063,G,57.49189618,23.84869559
20,0.846373,03 49 43.5303005,23 42 42.678278,17900,03 49 43.52,23 42 43.1,6.17,57.43133245,23.71196331,8.58,16.5,-44.53,0.93,-0.046,,57.43137625,23.71185508
21,0.85217,03 48 20.8163899,23 25 16.499280,17776,03 48 20.80,23 25 16.9,5.44,57.08668426,23.42136355,9.64,19.14,-46.8,0.91,-0.067,,57.08673496,23.4212498
22,0.855264,03 43 41.5347967,23 38 56.941375,17401,03 43 41.52,23 38 57.3,7.93,55.92300763,23.64926,9.48,20.36,-45.1,1.11,0.347,,55.92306165,23.64915038
23,0.877143,03 48 06.5406037,24 59 18.299507,17759,03 48 06.56,24 59 18.5,6.44,57.02732709,24.98848495,4.42,-27.81,-28.15,0.94,1.701,,57.02725252,24.98841653
24,0.991808,03 50 52.4270962,23 57 41.290408,17999,03 50 52.42,23 57 41.7,6.95,57.71840155,23.96158078,9.83,16.8,-45.76,1,0.078,,57.71844623,23.96146956
25,0.996108,03 44 51.2368692,23 16 08.121495,17497,03 44 51.22,23 16 08.5,8.98,56.21342687,23.26902878,9.76,22.71,-43.67,1.29,0.403,,56.21348696,23.26892264
26,1.045089,03 51 03.1138562,23 54 13.156313,18018,03 51 03.02,23 54 13.6,10.17,57.76257314,23.90376782,24.72,150.93,-46.61,4.62,1.16,,57.7629744,23.90365453
27,1.047762,03 45 48.8154165,23 08 49.735588,17572,03 45 48.80,23 08 50.1,6.85,56.4533419,23.14725691,9.68,21.06,-44.49,1.03,0.06,,56.45339757,23.14714877
28,1.11956,03 43 43.1969293,25 04 50.553211,17403,03 43 43.18,25 04 51.0,7.52,55.92992873,25.08083909,10.01,21.79,-53.43,1.06,0.141,,55.92998721,25.08070923
29,1.149477,03 51 27.2146432,24 31 07.142448,18050,03 51 27.20,24 31 07.5,8.86,57.86334041,24.51876093,7.56,20.19,-45.36,1.47,0.38,,57.86339435,24.51865068
30,1.229467,03 45 59.1388149,25 23 54.922568,17583,03 45 59.13,25 23 55.3,8.04,56.49636093,25.39870238,8.5,18.88,-46.4,1.17,0.213,,56.49641173,25.3985896
31,1.235491,03 47 46.8352730,25 23 08.499561,17729,03 47 46.82,25 23 08.9,8.32,56.94509494,25.38580834,7.61,19.34,-46.91,1.17,0.262,,56.94514697,25.38569432
32,1.267477,03 47 22.8971286,22 55 19.637684,17694,03 47 22.88,22 55 20.0,8.17,56.84535261,22.92223144,9.87,19.74,-45.2,1.19,0.255,,56.8454047,22.92212158
33,1.385381,03 41 22.9679739,23 29 12.978016,17225,03 41 22.95,23 29 13.4,9.17,55.34564029,23.48704606,9.21,22.49,-44.32,1.45,0.437,,55.34569989,23.48693834
34,1.46742,03 51 25.2942293,25 09 46.545367,18046,03 51 25.30,25 09 46.6,6.79,57.85541671,25.16295722,4.76,-8.97,-11.5,0.83,0.16,,57.85539262,25.16292927
35,1.47448,03 48 54.7100700,22 47 57.146089,17828,03 48 54.71,22 47 57.2,8.12,57.22794154,22.79922132,5.27,6.48,-5.79,1.14,0.05,,57.22795862,22.79920725
36,1.522325,03 52 53.4768901,24 42 56.626191,18154,03 52 53.47,24 42 57.0,9.44,58.22277909,24.71584089,8.57,15.43,-45.83,1.57,0.48,,58.22282038,24.7157295
37,1.601646,03 52 11.3977521,25 09 47.084268,18106,03 52 11.48,25 09 48.5,6.77,58.04781699,25.16347704,25.34,-121.53,-163.78,0.89,0.583,,58.04749063,25.16307896
38,1.631477,03 50 18.9383172,25 34 45.702969,17954,03 50 18.91,25 34 46.7,5.24,57.57881165,25.57964862,16.96,36.37,-117.95,0.82,0.231,,57.57890965,25.57936194
39,1.665954,03 46 34.8293669,25 50 37.891371,17625,03 46 34.82,25 50 38.3,8.72,56.64506816,25.84397069,4.73,20.07,-46.07,1.48,0.355,,56.64512236,25.84385871
40,1.682526,03 42 04.7228263,22 51 30.830627,17289,03 42 04.71,22 51 31.2,9.17,55.51962648,22.85866532,7.29,19.7,-41.66,1.5,0.463,,55.51967844,22.85856406
41,1.688798,03 48 41.8910723,25 48 02.672948,17812,03 48 41.89,25 48 02.7,8.44,57.17455013,25.80075493,2.54,-1.48,-5.12,1.2,0.11,,57.17454613,25.80074249
42,1.712321,03 39 13.4730914,24 27 59.476882,17044,03 39 13.46,24 27 59.9,10.4,54.80608394,24.46663095,8.85,20.2,-45.09,2.11,0.616,,54.80613788,24.46652136
43,1.71441,03 42 15.9191772,22 47 11.243339,17305,03 42 15.91,22 47 11.9,7.4,55.56627304,22.78663999,18.79,21.57,-75.5,1.05,0.428,,55.56632991,22.78645648
44,1.759733,03 40 46.3095795,25 19 46.172941,17181,03 40 46.30,25 19 46.3,6.11,55.19293082,25.32952639,6.24,9.58,-13.95,0.93,0.097,,55.19295658,25.32949248
45,1.77004,03 50 03.4615308,22 35 29.887272,17928,03 50 03.36,22 35 30.4,7.29,57.51401484,22.59178984,26.91,155.06,-63.56,1.13,0.538,,57.51442305,22.59163535
46,1.783034,03 49 38.1800088,22 32 00.537522,17892,03 49 38.17,22 32 00.9,7.01,57.40903653,22.53359202,10.12,17.8,-45,1.04,0.033,,57.40908337,22.53348264
47,1.784046,03 54 25.2411373,24 21 36.278321,18263,03 54 25.23,24 21 36.7,10.94,58.60511727,24.36019636,6.64,20.29,-48.98,2.81,0.714,,58.60517141,24.36007731
48,1.790525,03 39 06.7235127,24 42 10.335528,17034,03 39 06.71,24 42 10.7,7.11,54.77795749,24.70298281,6.87,21.36,-46.01,1.08,0.039,,54.77801464,24.70287098
49,1.793502,03 38 56.8665512,24 34 11.316976,17020,03 38 56.85,24 34 11.7,10.53,54.73688327,24.56991566,3.2,22.71,-43.36,2.21,0.645,,54.73694396,24.56981027
50,1.820616,03 39 41.1762383,23 17 27.150591,17091,03 39 41.16,23 17 27.6,9.94,54.9215064,23.29098731,9.97,23.15,-46.14,1.82,0.608,,54.92156766,23.29087516
51,1.838159,03 41 36.1644453,25 37 09.551725,17245,03 41 36.15,25 37 10.0,10.1,55.40064489,25.61943275,5.91,14.95,-46.42,1.67,0.589,,55.40068519,25.61931992
52,1.865348,03 53 21.1681833,23 07 24.998104,18181,03 53 21.16,23 07 25.0,8.29,58.33818044,23.12359814,3.68,7.69,5.12,1.54,1.54,,58.33820076,23.12361058
53,1.877875,03 38 35.8980904,24 36 05.868538,16996,03 38 35.90,24 36 06.1,8.22,54.64956987,24.60168683,8.21,2.06,-23.32,1.24,0.428,,54.64957538,24.60163015
54,1.958103,03 52 05.5978866,22 40 17.861596,18097,03 52 05.47,22 40 20.8,7.57,58.02277927,22.67245692,37.25,207,-340.95,1.19,0.684,,58.02332453,22.67162822
55,1.966907,03 39 07.4120190,25 09 24.428504,17037,03 39 07.41,25 09 24.6,9.07,54.78086526,25.15682439,3.62,6.76,-15.92,1.58,0.224,,54.78088341,25.1567857
56,2.007738,03 42 24.0242591,22 25 16.098565,17317,03 42 24.01,22 25 16.5,10.4,55.60005036,22.42124648,6.66,19.29,-44.43,1.98,0.7,,55.60010108,22.42113849
57,2.039066,03 46 20.1400967,26 12 55.804202,17609,03 46 19.89,26 12 57.5,9.61,56.58286876,26.21598281,68.62,386.94,-198.16,1.78,1.437,,56.58391707,26.21550117
58,2.075798,03 49 55.0730636,22 14 38.944671,17921,03 49 55.06,22 14 39.3,6.05,57.47940839,22.24426286,10.14,23.88,-45.9,0.9,-0.006,,57.4794711,22.2441513
59,2.097651,03 54 44.5805160,23 12 05.71631,18296,03 54 44.58,23 12 05.8,7.95,58.68574858,23.20161008,3.25,1.35,-9.14,1.13,0.048,,58.68575215,23.20158786
60,2.141479,03 45 08.2054238,26 17 33.019715,17525,03 45 08.19,26 17 33.5,11.49,56.28414429,26.2926254,13.35,16.59,-49.34,3.18,0.823,,56.28418927,26.29250548
61,2.149749,03 55 19.4469099,23 21 37.430296,18346,03 55 19.40,23 21 37.5,8.4,58.83084354,23.36041986,8.61,69.97,-9.28,1.34,1.01,,58.83102879,23.3603973
62,2.173517,03 53 13.7174152,25 45 21.849688,18175,03 53 13.71,25 45 22.0,10.24,58.30713115,25.75611041,4.16,9.17,-16.89,2.18,0.21,,58.3071559,25.75606936
63,2.177296,03 53 34.4777157,25 40 58.378283,18201,03 53 34.46,25 40 58.7,6.35,58.39360035,25.68296603,6.82,21.06,-34.22,0.97,0.11,,58.39365715,25.68288286
64,2.178845,03 44 58.9221695,22 01 56.834218,17511,03 44 58.91,22 01 57.2,9.49,56.24546103,22.03255788,10,18.31,-42.76,1.64,0.489,,56.24550904,22.03245395
65,2.182946,03 46 04.7876994,21 59 54.499160,17589,03 46 04.87,21 59 55.7,9.46,56.52027839,21.99881076,13.58,-125.75,-139.38,1.89,0.676,,56.51994875,21.99847199
66,2.203254,03 53 32.0130574,25 43 47.704056,18194,03 53 32.02,25 43 47.9,7.84,58.38339783,25.72997146,7.29,-3.74,-22.08,1.16,0.24,,58.38338774,25.72991779
67,2.250316,03 54 33.3588374,25 31 56.544187,18273,03 54 33.35,25 31 56.9,10.79,58.63896057,25.53246317,10.1,12.84,-36.94,2.78,0.749,,58.63899516,25.53237339
68,2.296377,03 43 46.0194367,26 22 52.046666,17407,03 43 46.03,26 22 52.2,7.35,55.94178078,26.38115414,4.04,-12.21,-12.37,1,1.16,,55.94174765,26.38112407
69,2.350173,03 36 28.8069095,23 47 50.252686,16824,03 36 28.77,23 47 51.2,8.62,54.119888,23.79754451,15.66,53,-103.72,1.32,0.669,,54.12002879,23.79729241
70,2.373861,03 38 40.7203053,22 39 34.601832,17000,03 38 40.71,22 39 35.0,6.71,54.669617,22.6597217,7.88,19.34,-45.29,1,-0.001,,54.66966794,22.65961162
71,2.414788,03 36 58.0249080,23 12 39.848958,16859,03 36 58.03,23 12 40.0,6.72,54.24181123,23.21111378,7.46,-15.42,-18.36,0.96,0.123,,54.24177045,23.21106915
72,2.432587,03 51 36.6225556,22 01 52.877211,18059,03 51 36.61,22 01 53.1,6.71,57.90255161,22.03142901,8.64,16.16,-30.54,1.02,1.12,,57.90259398,22.03135478
73,2.44088,03 48 18.9359701,26 35 21.010444,17774,03 48 18.96,26 35 21.0,7.98,57.07898533,26.58917912,4.53,-31.44,-3.93,1.45,1.15,,57.07889988,26.58916957
74,2.441955,03 35 59.9875459,23 54 50.851170,16784,03 35 59.99,23 54 50.9,9.02,53.99993843,23.91414195,3.8,3.64,-6.84,1.47,1.337,,53.99994811,23.91412532
75,2.475375,03 56 28.1215012,23 09 00.983657,18431,03 56 28.11,23 09 01.4,8.34,59.11712801,23.15038762,8.66,16.99,-47.06,1.53,0.269,,59.11717292,23.15027324
76,2.478138,03 57 26.3811949,24 27 42.974762,18508,03 57 26.39,24 27 43.0,6.19,59.35993764,24.46195525,3.04,-5.99,-7.33,0.92,1.372,,59.35992165,24.46193743
77,2.531537,03 38 22.5784186,22 29 58.858240,16979,03 38 22.57,22 29 59.2,10.09,54.59402326,22.49978748,5.86,20.33,-43.05,1.77,0.634,,54.59407674,22.49968284
78,2.570179,03 42 29.7617879,26 34 19.848941,17324,03 42 29.72,26 34 20.3,8.13,55.62381632,26.57229581,1.46,70.33,-47.54,1.13,1.341,,55.62400745,26.57218026
79,2.589829,03 57 03.8076127,23 10 31.980177,18485,03 57 03.80,23 10 32.1,6.05,59.26584139,23.17559132,6.14,8.95,-16.98,1.03,0.031,P,59.26586505,23.17555005
80,2.595005,03 52 48.2683732,26 21 58.323789,18149,03 52 48.25,26 21 58.6,10.44,58.2010475,26.36626957,4.91,26.07,-28.19,2.07,0.63,,58.20111822,26.36620105
81,2.638431,03 36 19.6725990,25 23 56.358698,16805,03 36 19.66,25 23 56.5,9.27,54.08190709,25.39901643,5.03,23.07,-11.48,1.37,0.405,,54.08196916,25.39898853
82,2.640809,03 57 11.8227338,25 16 58.196223,18491,03 57 11.82,25 16 58.1,7.5,59.29926252,25.28281126,3.98,-0.42,8.65,1.13,1.022,,59.29926139,25.28283228
83,2.674501,03 58 20.8980998,24 04 52.048676,18559,03 58 20.89,24 04 52.4,7.21,59.58702872,24.08123216,5.08,17.54,-44.24,1.28,0.035,,59.58707542,24.08112463
84,2.71248,03 56 28.7273311,22 40 27.819870,18433,03 56 28.62,22 40 29.9,7.84,59.11923816,22.67496102,21.41,174.27,-233.12,1.24,0.688,,59.11969721,22.67439441
85,2.791616,03 34 26.6249304,24 27 51.814398,16664,03 34 26.62,24 27 52.1,5.95,53.61093,24.46447543,6.28,2.7,-33.96,3.96,0.123,,53.61093721,24.46439289
86,2.805137,03 37 11.0379349,25 59 27.944383,16879,03 37 10.88,25 59 30.3,7.28,54.29534916,25.99175641,26.78,237.51,-271.85,0.95,0.704,P,54.2959914,25.99109566
87,2.846853,03 57 47.2951842,22 55 27.820688,18531,03 57 47.20,22 55 27.7,8.78,59.44664805,22.9243679,27.72,157.34,11,2.77,,,59.44706327,22.92439464
88,2.856466,03 34 07.3095372,24 20 40.014925,16639,03 34 07.30,24 20 40.4,9.54,53.53040401,24.34455483,8.11,19.64,-43.71,1.47,0.51,,53.5304564,24.34444859
89,2.871081,03 48 10.5900685,21 19 44.646094,17763,03 48 10.59,21 19 44.8,7.97,57.04414295,21.32910229,11.94,-6.77,-13.96,1.31,0.231,,57.04412529,21.32906836
90,2.874966,03 42 23.9968090,21 28 24.567834,17316,03 42 23.98,21 28 25.0,9.85,55.59992368,21.47360744,6.28,24.13,-47.88,1.66,0.55,,55.5999867,21.47349106
91,2.883037,03 52 59.3528789,26 40 42.745182,18163,03 52 59.28,26 40 43.8,8,58.24701277,26.67883936,11.45,106.94,-123.03,1.1,0.644,,58.24730366,26.67854033
92,2.883741,03 35 31.6955754,22 49 24.918434,16753,03 35 31.68,22 49 25.3,9.86,53.88200182,22.82369569,9.98,23.92,-44.12,1.58,0.54,,53.8820649,22.82358845
93,2.888017,03 49 00.2012241,21 20 31.872350,17837,03 49 00.21,21 20 31.9,8.11,57.2508692,21.34218533,10.02,-11.79,0.59,1.37,0.528,,57.25083843,21.34218676
94,2.891421,03 39 13.2027528,21 50 35.706008,17043,03 39 13.19,21 50 36.1,7.27,54.80495415,21.84335278,7.78,21.89,-41.6,0.98,0.068,,54.80501147,21.84325167
95,2.89231,03 59 03.4379545,23 37 41.148454,18620,03 59 03.44,23 37 41.1,7.36,59.76434171,23.62809497,7.56,-6.37,0.75,1.09,1.067,,59.76432481,23.62809679
96,2.899637,03 56 52.0766036,22 28 40.696081,18471,03 56 52.03,22 28 41.7,5.62,59.21680322,22.47825021,22.31,69.43,-114.82,0.92,0.345,,59.21698585,22.47797113
97,2.942212,03 45 31.9872361,21 14 48.093734,17552,03 45 31.98,21 14 48.5,7.75,56.38323055,21.24680852,11.21,19.02,-47.65,1.09,0.179,,56.38328015,21.2466927
98,2.951329,03 34 01.8085142,24 52 51.270472,16635,03 34 01.79,24 52 51.6,10.87,53.5074738,24.8810131,9.62,23.02,-43.05,2.18,0.704,,53.50753548,24.88090846
99,2.9973,03 34 20.2066745,23 09 00.377314,16659,03 34 20.21,23 09 00.4,9.76,53.5842055,23.15012474,4.22,-4.17,-8.2,1.68,1.15,,53.58419448,23.15010481